text	label
7 - tottenham hotspur are the first english side to concede seven goals in any european competition since tottenhamâ€¦	none
hey fans ! we ğŸ‘€ you voting for your girl , only a few more hours to vote for your favorite artâ€¦	none
english : âœ… french : âœ… puck talk : ğŸ¤·ğŸ½â€â™‚ï¸ good luck this season , wethenorth x leafsforever	none
rt english : spread makanaki 's mat yoruba : _____________	none
oh look it â€™ s the â€˜ meghan the interloper â€™ british tabloid bully , rebecca english ! ! ğŸ‘€ youâ€¦	none
rt lecturer with non native english accent : hi : ) white students : uggggghhhh i get that its their second language ye botâ€¦	none
rt my latest : new delhi is now banning targeted journalists from entering india out of fear the purpose of their visit is toâ€¦	none
rt â€œ only in thoughtful dialogue with what it says can this fragment of thinking be translated . however , thinking is poetizâ€¦	none
rt irish making offensive jokes about the thick-as-pigshit english	none
rt baru paper english jer pun ğŸ˜”ğŸ¤˜ğŸ» girls nowdays haihlah ğŸ˜”ğŸ¤˜ğŸ»	none
rt would like to put quite a few english brexit commentators in the bin this morning . and the labour mps who think its a goodâ€¦	none
rt [ for english followers ] the screening of all 26 episodes of demonslayer has been completed . to everyone who watched , thankâ€¦	none
rt â€œ a real translation is transparent â€ . walter benjamin norakgroup english deutch japanese translation languages â€¦	none
rt english : i did n't find him zulu : ngimthole angekho	none
rt packed computer lab of excellent govs @ today â€™ s early college application mtg for spring . english 100 , psych 100 , speech 151 ( â€¦	none
in morocco , they don â€™ t really speak english & amp ; i don â€™ t speak arabic or french but it â€™ s lit ğŸ˜‚ğŸ™ğŸ¾ğŸ”¥ğŸš€	none
rt english a1	none
	none
rt join our telegram communities to chat directly with us ! ğŸ‘‰ ğŸ‡¬ğŸ‡§english : ğŸ‘‰ ğŸ‡°ğŸ‡·korean :	none
rt guides to korean group bts ( for english speakers ) bts mixtapes ( english lyric guides )	none
ã…¤ ğŸƒ â”Šâ™¡Ì·Ì· english ã…¤ËËŠË— ã…¤	none
ğŸ•donate dogecoin to me ! ! ğŸ• : dsvwal8q8snmern8bnjpyblbeucjdk8ep2 al jazeera english : french guiana 's amazon reef threaâ€¦	none
rt investigation claims french police are helping gangs smuggling migrants ! are these the same `` macron police '' beating up yellowâ€¦	none
rt ì¡´ë‚˜ì›ƒê²¨ ì´ì œë¶€í„° ìš°ì‹¬ì‹¤ì— ë°±ë‚¨ í•œëª… í‚¤ìš°ê¸°ë¡œ í•¨ ì´ë¦„ì€ ì¡°ì§€ì„ ìˆ˜ì—…ì¤‘ì— ì§ˆë¬¸ ë‚˜ì˜¬ë•Œë§ˆë‹¤ ì¡°ì§€ ë¶ˆëŸ¬ì˜¤ê¸° êµìˆ˜ë‹˜ê»˜ì„œ ì§ˆë¬¸ì„ í•˜ì…¨ë‹¤ ! ì§€ê¸ˆ ì´ ìƒí™© ! ì¡°ì§€ë¼ë©´ ì–´ë–»ê²Œí–ˆì„ê¹Œ ! ë‚˜ì™€ë¼ ì¡°ì§€ ! english plâ€¦	none
rt adopt bruce 2 yr old male english springer spaniel from	none
rt rt , dm +english à¸šà¸­à¸—bnk48 rtà¸•à¸²à¸¡à¸—à¸±à¸ rtà¸—à¸±à¸à¹€à¸”à¸¡	none
why , yes . that 's exactly what we want ! besides , they ofâ€¦	none
rt i cant be a normal fan of anything so heres a centaur au i guess . sora 's a scrappy quarter horse and he and kairi are barrâ€¦	none
rt ron english , opposite a lidl in bristol	none
hey agricultural economics .. is not a degree in english.â€¦	none
rt if u say fuck off backwards it 's still says fuck off but in an english accent	none
nobody in english canada that i have met uses that expression , even when they are being racâ€¦	none
im gone sha n't put it his family small beans sorry for my bad english	none
rt abused modi praised imran opposed hindi donated to english mediums returned awards not prize money called soldiers as rentedâ€¦	none
rt al jazeera english ã‚ªãƒ¼ã‚¹ãƒˆãƒ©ãƒªã‚¢ã®è­¦å¯Ÿã¯ã€çŸ³ã‚’æŠ•ã’ã¦ã‚¦ã‚©ãƒ³ãƒãƒƒãƒˆã‚’æ®ºã—ã€ãã‚Œã‚’ã‚ªãƒ³ãƒ©ã‚¤ãƒ³å‹•ç”»ã§é…ä¿¡ã—ãŸç”·ã‚’è¿½ã£ã¦ã„ã‚‹ ã‚ªãƒ¼ã‚¹ãƒˆãƒ©ãƒªã‚¢ã§å•é¡Œã¨ãªã£ã¦ã„ã‚‹é‡ç”Ÿå‹•ç‰©ã¸ã®è™å¾…ã€‚å…ˆæ—¥ã‚‚ã€ã‚«ãƒ³ã‚¬ãƒ«ãƒ¼20åŒ¹ã‚’19æ­³ã®ç”·ãŒè»Šã§è™æ®ºâ€¦	none
y not english professor here ... .	none
from a selfish point of view i would hate to see the likes of mount dropped for pulisic . i 've waited years and yearâ€¦	none
rt the fiercest advocates of english exceptionalism generally provide the most compelling evidence of its absurdity .	none
rt therapy : expensive hyungwon being adorable and cute while speaking in english : free	none
rt english language lo aayanaki vunna grip chusthunte mental vachesthondi ... ..	none
rt english : dude , this also has no fragrance . pidgin : innocent 2baba	none
is that english ğŸ˜²ğŸ˜²ğŸ˜²ğŸ˜²ğŸ˜²	none
robin tilbrook english democrats interviewed on airtv international with ... via	none
team daugter speaking of english ? ? ? wetin musa no go see for gate ğŸ˜‚ğŸ˜‚ğŸ˜‚ğŸ˜‚	none
rt [ for english followers ] the screening of all 26 episodes of demonslayer has been completed . to everyone who watched , thankâ€¦	none
rt this old horse still has a lot of spunk left . thor the horse would love to see you in his stable . ğŸ´ dark themes ğŸ´ feralâ€¦	none
rt ğŸš¦learn to speak englishğŸš¦ ğŸš¦ØªØ¹Ù„Ù…ÙŠ ÙˆØªØ­Ø¯Ø«ÙŠ Ø§Ù„Ø¥Ù†Ø¬Ù„ÙŠØ²ÙŠØ©Ø¨Ø³Ù‡ÙˆÙ„Ø©ğŸš¦ â–ªï¸Ù…Ù†Ø§Ù‡Ø¬ Ø¨Ø±ÙŠØ·Ø§Ù†ÙŠØ© Ø¬Ø§Ù…Ø¹Ø© ÙƒØ§Ù…Ø¨Ø±Ø¯Ø¬ â–ªï¸Ù…Ø³ØªÙˆÙŠØ§Øª Ù…ØªØ¹Ø¯Ø¯Ø© â–ªï¸Ø¨Ø±Ø§Ù…Ø¬ Ù…Ù†Ø§Ø³Ø¨Ø© Ù„Ø¬Ù…ÙŠØ¹ Ø§â€¦	none
imran khan ne apni speech men hi kaha tha k kuch log westren dress pehan kr english bolne ki koshiâ€¦	none
rt 1 - tammy abraham 's goal ( assisted by fikayo tomori ) was chelsea 's first in the champions league scored and assisted by two enâ€¦	none
â¤ Ø§ÙØ¶Ù„ Ù‚Ù†ÙˆØ§Øª ÙŠÙˆØªÙŠÙˆØ¨ Ù„ØªØ¹Ù„Ù… Ø§Ù„Ù„ØºØ© Ø§Ù„Ø¥Ù†Ø¬Ù„ÙŠØ²ÙŠØ© â¤ ğŸŒ² Ù‚Ù†ÙˆØ§Øª Ù„Ù…Ø¯Ø±Ø³ÙŠÙ† Ù…Ù† Ø§Ù‡Ù„ Ø§Ù„Ù„ØºÙ‡ Ù†ÙØ³Ù‡Ù… ( ÙƒÙ„ Ø§Ù„Ø´Ø±Ø­ Ø¨Ø§Ù„Ø§Ù†Ø¬Ù„ÙŠØ²ÙŠ ) . 1- learnâ€¦	none
rt a compilation of the english translations for the brow beat song lyrics ( including the ones that ryuji has written ) : https : /â€¦	none
well done s1ğŸ˜€ more quizzes passed for connect 4 reading ğŸŒŸğŸ‘ğŸ“– congrats to mia wğŸ‘ğŸ‰ pupils create mind mapsâ€¦	none
do you think it realises that it â€™ s become a death cult ? it â€™ s the manic laughter as theyâ€¦	none
english : mah-tey-oh italian : ma-ttteh- o chi-ga-la	none
rt [ for english followers ] the screening of all 26 episodes of demonslayer has been completed . to everyone who watched , thankâ€¦	none
rt why `` englandandwales '' this is why , '' the country or dominion of wales shall be , stand and continue for ever , from hencâ€¦	none
his spanish is tabal . even when he speaks english , that accent is still obvious . i dont mind at all .	none
english entertainment channels , data for week 39 .looking for something more ? visitâ€¦	none
rt ron english , manchester	none
hello could you share a link of the english version of this article on 30th september on `` hii ndiyoâ€¦	none
for me i pronounce rin as `` reen '' xp there 's also the other rin which is tohsaka rin from fate whiâ€¦	none
rt merhabalar . sera english tarafÄ±ndan dolandÄ±rÄ±lma olayÄ±mdan bahsetmek istiyorum . hem bu insanlarÄ±n baÅŸkasÄ±nÄ± kandÄ±rmamasÄ± amaâ€¦	none
rt and apart from that if english had have been used there is a good likelâ€¦	none
rt if u say fuck off backwards it 's still says fuck off but in an english accent	none
rt baekhyun wrote his pc message in english since intl fans already know â€œ i love you â€ and â€œ i miss you â€ in korean so this tâ€¦	none
i wish we lived in the universe dingo pictures dubbed popular anime into english	none
good job proud of you â¤ï¸ â¤ï¸	none
rt he is scottish but he managed english and american accent very well , he played 6 characters including a woman and a child iâ€¦	none
rt hey i just wanted to tell you this little video message i was trying to find the words in english at thâ€¦	none
rt english and arabic mixğŸ–¤	none
rt it 's nationalpoetryday ! we 're celebrating mary robinson , known by her eighteenth-century contemporaries as the â€˜ englishâ€¦	none
rt ì¡´ë‚˜ì›ƒê²¨ ì´ì œë¶€í„° ìš°ì‹¬ì‹¤ì— ë°±ë‚¨ í•œëª… í‚¤ìš°ê¸°ë¡œ í•¨ ì´ë¦„ì€ ì¡°ì§€ì„ ìˆ˜ì—…ì¤‘ì— ì§ˆë¬¸ ë‚˜ì˜¬ë•Œë§ˆë‹¤ ì¡°ì§€ ë¶ˆëŸ¬ì˜¤ê¸° êµìˆ˜ë‹˜ê»˜ì„œ ì§ˆë¬¸ì„ í•˜ì…¨ë‹¤ ! ì§€ê¸ˆ ì´ ìƒí™© ! ì¡°ì§€ë¼ë©´ ì–´ë–»ê²Œí–ˆì„ê¹Œ ! ë‚˜ì™€ë¼ ì¡°ì§€ ! english plâ€¦	none
rt she doesn â€™ t know english	none
rt baru paper english jer pun ğŸ˜”ğŸ¤˜ğŸ» girls nowdays haihlah ğŸ˜”ğŸ¤˜ğŸ»	none
rt english : adekunle want to rest yoruba : adekunle fe simi	none
rt i have a ba degree in english . i am from an english-speaking country . i have published works in english . i once had an enâ€¦	none
rt hello ? ! is anybody out there ! english link korean link japan	none
rt a brexit story with flags , in english , with the amazing translation of 1950 ğŸ‡«ğŸ‡· `` we got our ass kicked badly thâ€¦	none
rt we all already know that changkyun speaks english really well but i want to take a moment to really appreciate how well he doesâ€¦	none
i â€™ m waiting in the hall of my school for my next class to start and there â€™ s an english class going on in the room nâ€¦	none
rt china feeds about 20 percent of the world 's population , with only 7 percent of the arable land on earth . enjoy the aerial viewsâ€¦	none
everything you want to know about the future of + long version of verdier 's interview . yes , is alâ€¦	none
rt ( because we need this ) jin/suga : how about a message to the fans hoseok : ( begins to speak in korean ) staff : no , in english bts : â€¦	none
best/most comical : newfoundlanders sexiest : brooklyn ( sorry , i know we said no hometowners , but it'llâ€¦	none
rammstein `` du hast '' english lyrics hd	none
rt [ for english followers ] the screening of all 26 episodes of demonslayer has been completed . to everyone who watched , thankâ€¦	none
rt she doesn â€™ t know english	none
rt [ for english followers ] the screening of all 26 episodes of demonslayer has been completed . to everyone who watched , thankâ€¦	none
rt abused modi praised imran opposed hindi donated to english mediums returned awards not prize money called soldiers as rentedâ€¦	none
rt english : spread makanaki 's mat yoruba : _____________	none
rt parent , â€ i would like to come read to the class , but i can â€™ t read english. â€ me , â€œ well , please come read in your language. â€ pâ€¦	none
rt [ for english followers ] the screening of all 26 episodes of demonslayer has been completed . to everyone who watched , thankâ€¦	none
rt english : dude , this also has no fragrance . pidgin : innocent 2baba	none
btw , although this thread is in english , the workshop itself is actually in german ğŸ˜³ as long as i â€˜ m the chairman ofâ€¦	none
as i kuku no sabi english , ok is my perfect responseğŸ˜‚ğŸ˜‚ğŸ˜‚	none
rt we all already know that changkyun speaks english really well but i want to take a moment to really appreciate how well he doesâ€¦	none
rt [ for english followers ] the screening of all 26 episodes of demonslayer has been completed . to everyone who watched , thankâ€¦	none
rt twitter please do your magic ! urgently needed ! 12 orang liaison officer ( lo ) english - korea untuk corporate event tgl 2â€¦	none
rt my latest : new delhi is now banning targeted journalists from entering india out of fear the purpose of their visit is toâ€¦	none
rt rt , dm +english à¸šà¸­à¸—bnk48 rtà¸•à¸²à¸¡à¸—à¸±à¸ rtà¸—à¸±à¸à¹€à¸”à¸¡	none
